,avg_11,avg_22,avg_33,avg_44,avg_55,avg_66,avg_77,avg_88,avg_365
564290,2.8,0.6,188.6,595.8,1356,746,98.75,390.6,0.7
4454068,0,0,0,1.8,2,2.4,0,0.2,0
1110763,0,0.8,0.6,0.2,1.8,0.4,0,0.4,0
1726426,0,0,0,0.4,1.4,0.8,0.25,0.6,0
4385479,0,0,0,5,0,0,0,2.2,0
768553,0,0,0,114.8,0,0,0,45,0
1116679,0,0,0,0,0,0,0,0,0
610462,0.2,0,0,0,0,0,0,0,0
3232397,0.6,0,0.8,15.6,0.2,0,0,0,0.3
525841,0.2,1.8,40.2,390.4,6.4,3.8,1,0.4,17.2
4309033,0,0,0,0.4,0,0,0.25,0,0
549232,0,0,0,0.4,0.6,0.6,0,0.4,0
4368600,2.4,0.8,0.8,0.6,1,1,0,0,0.5
4328189,0,0,0,0,0,0,0,0,0
563359,15.4,0,1.6,0,0,0,0,0,0
9939,4.6,0,0,0,0,0,0,0,0
922761,119.6,0.2,2.4,1.8,0,0,0,0.2,0.5
223368,0,0,0,0,0,0.2,0.25,0.6,0
366451,0,0,0,0,0,0.6,0,0,0
544824,0,0,0,0.6,0.2,0,0,0,0
4384058,4.2,6.4,0,0,0.2,0,0,2.8,0
331697,0.2,0.4,0.8,74,109.6,24.6,96.75,0.6,0.5
4449851,0,0,0,1.6,6.6,1.8,3,0,0
528421,0.4,0,0,0.2,8.6,0.2,0,0,0
91962,0,0,0,4.8,3.2,0.6,9.75,0,0
235024,0,0,0,1.4,0,0,0,0,0
4327628,0,0.6,0.4,0.4,0.2,0,0,0,0.4
4439606,0.6,1.6,0.8,4.4,0,1.6,95,2.6,1.5
537290,0,0.2,0.4,1,0,0.2,1.25,0,0
85614,0,0,0,2.8,0,0,23.25,0,0
222706,0,0,0,0,0,0,0,0,0
1121651,0,0,0,0,0.2,0,0,0,0
836291,0,0,0,0,0,0,0,0,0
423025,0,0.4,0,0,1.4,0,0,0,0
4445692,0,0,0,0,0,0,0,0,0
691423,92.4,3,4.6,27.2,11,13.6,22.25,2.2,2.8
299267,0,0,0,0,0,5.2,0,1.6,0
345362,0,0,0,1.2,0.2,16.2,0,5.8,0
124309,0.8,0.2,12.2,81,25.4,19.8,5.75,2.6,14.1
329096,0.4,0,0,1.2,0.2,0.4,0,0,0.7
4416113,1,1,157.8,476.4,165.2,78.6,48.5,19.4,1000.3
35840,0,7.6,90.4,0,0.2,0.4,0,3.6,849.4
560243,0,0,0,0,0,0,0,0,3.5
2912622,0.2,0.4,0,0.4,0,0,0,0,0
1137914,0,0,0,0,0,0,0,0,0
4405546,0,0,0,0,0,0,0,0,0
6372,0,0,0,0,0,0,0,0,0
2228269,0,0,0,0,0,0,0,0,0
4326874,0,0,0,0,0,0,0,0,0
1117593,0,0,0,0,0,0,2,0,0
4450877,0,0,0,0,0,0,0,0,0
341259,0,0.4,1.4,0,1,0.4,0,2.4,0.3
4318690,0.4,1,0,0,1.6,0.6,0.5,1,1.2
569952,0,74.2,7.6,5.8,31.8,40.8,11.5,79,60
974797,0,0,0.8,0.2,0,0,0,0,0
1141377,0,0,0,0,0.2,0,0,0,0
3951713,0,0,0,0,0.2,0,0,0.2,0
106252,9.2,0,0.4,1.2,0,0.4,0,0,0
3581985,35.2,0,0,0,0,0,0,0,0
1120966,0,0,0.2,67.8,0,343.8,29.5,0,0.1
562400,0,1.2,5.2,0.2,0.2,3.6,1.75,1,0.3
644798,0,318,4.8,0.2,22.2,8.2,0,210.4,19.8
3167757,0,0.4,0,0,0.4,0,0,1.2,0.4
107523,0,1.8,0,0,0.6,0.2,0,2,0.6
2792168,0,0,0,0,0,0,0,0.2,1.1
610486,0,0,0,0,0,0,0,0,0
611360,0,0,0,0,0,0.8,0,0,5.8
745122,0,0,0,0,15.6,5.8,0.5,2.4,0.1
647775,0,0,2.8,5.2,108.4,40.4,30,48.8,3.2
1145138,0,0,6.6,1,331.2,280.4,24,76,0.7
261198,0,0,0,0,3,15.6,0,2,0
4305160,0,1.8,0,0.4,0.6,1.6,0.5,4.8,1.9
4396454,0,0,0,0,0,0.2,0.25,0.8,0.1
2685602,0.2,1062,44.8,165.4,228.6,414,364.5,248,300.7
128347,0,1.4,0,0.2,0.2,0.2,1,0.2,0.6
4328567,0,3.4,0,0.6,0.4,0,1.5,1.8,1.6
358068,0,4.4,2.2,1,9.2,8.6,8.5,99.6,9.8
4315164,0,0,0,0,0,0,0,0,0.2
4312335,0,0.6,6.2,0.8,23.6,3.2,14.25,6.8,1.8
783687,0,0.2,0.4,0,4.8,0.4,4.25,17,3.5
342283,0,0,0,0,0,0,0,2.4,0
589483,0,8.4,0.6,0,0.8,0.8,0,0.4,0.1
4418260,0,0,0.2,0,0,2.4,0,12.8,1
783719,0,0,0,0,0.2,0.6,0.5,0.4,0.2
7061,0,0,0,0.4,0,0,1.25,0,0
463546,0.2,0.8,1.6,0.6,0.4,17,5.25,0.4,0.2
4453998,0,0,2,2.4,0.2,5.2,1.5,0.2,1
4452118,0,0,1,0.4,0.2,0.2,0,0.2,0
4303858,0,0,0.4,0,0,1,0.75,0,0
320222,6.4,4.4,64.4,83.6,9,176.2,50.25,7.6,46
1143820,0,0,0,0,0.2,0.2,0,1,0
576785,0,2.4,4.2,0.2,8,6.8,2.25,21,8.5
4438613,0,1.2,0.2,0,41.2,14.2,1,5,0.1
791738,0,0.4,0,0,0.4,1.4,0.5,1.8,0.1
1048878,0,6.6,2.2,0,0,0,0,0,0.2
4472112,0,0,0,0,1.2,0,0,0,0
29704,0.6,2132.2,107.6,29.6,100.2,64.8,6.25,17.6,32.3
4424705,0,0,0,0,1.6,0.4,0.5,1,0.2
322506,0,12.6,67.4,10.2,43,11,15.25,12,6.1
340208,0,4.6,18,1.2,4.4,2.6,1.25,3.2,2.2
1127804,0,0.6,0.6,0.8,2,1.6,0.75,1.2,0.6
819037,0.4,11.8,3.6,1.8,2.2,3.4,1.75,2.4,0.9
328095,0,0.4,5.2,0.4,2.4,24.2,0.25,8.6,1.2
317487,0,1.4,22.8,4,20,191.8,0,149.4,8.8
4388545,0,0.2,1.2,0,0.8,7.6,0,9.4,0.2
4381109,0,0,0.2,0,0,1.4,0,2.2,0.2
211171,10.6,2,5.6,1,11.6,3.4,14,25.6,3.1
142376,0,0.6,0,0,0.6,0.4,0.25,6.2,0
329664,0.2,3.4,4.8,1.2,39.6,2.8,7.25,73,1.3
798634,0,0,0.8,0.2,1.8,0,0,0,0.7
1145162,0,0.2,0,0,0,0.2,0,0.2,0
4395995,0,5.6,0.6,0,1,0.6,0,1,1.6
334067,0,0,0,0,0,0.2,0,0,0
291421,0,0.2,0,0,0,0,1542.75,0,0.2
2194872,0,0,0,0.4,0,0,0,0,1.9
2360704,0,3,1,5.2,19.6,6.6,1.25,3.6,1.9
1123672,0,0,0,0,0,0,0,0,6.2
663978,0,0,0,0,0,0,0,0,0
785696,0,0,0,0,0,0,0,0,0
558848,0,0,0,0,0,0,0,0,0
518694,0,0,0,0,0,0,0,0,2.2
219551,0,0,0,0,0,0,0,0,0
617099,12.6,0.4,353.4,433.2,373.2,69.6,151.25,175.4,79.5
151384,0,0,0.6,0,0.2,0.4,2,0.4,0.7
6367,0,0,0.2,0,0,0.2,0.25,0,0.3
149152,0,0,0,0,0,0,0,0,0
119663,0,0,0,0,0,0,0,0,0
575028,0,0,0,3.2,0,0,0,0,0
673343,0.8,0,0,3.6,0,0,0,0,0
135965,0,0,0,2.4,28.6,0.2,18.5,0,0.4
558264,1.8,0,0,0,0,0,22,27.6,0.1
196652,2,28,0,0,0.4,0,0,0.4,0.5
111824,0,0,0,0.6,0.2,0,0.25,13.8,0.3
541275,2.6,0,0.4,0.6,13.8,0,0,6,0.6
4333416,7,0,0,0,0,0,0,0,0
1140843,29,0,2,0,3.8,0,0.25,0.6,1.1
513989,1.8,0,0,0,0,0,0,0,0
788519,0,0,0,0,0,0,0,0,0
566578,1.8,0,0,0.4,0,0,0,0,0.3
330923,0.2,0,0,4.6,0,3,0,0,0
210201,52.4,0,0,0,0,0,0,0,0
4453355,0,0,0,0,0,0,0,0,0.7
218061,0,0,0,0,0,0,0,0,1.6
1060517,50,0.6,0,0,0,0,0,0,0.5
561647,0,0,1.8,0,0,0,0,0,4.9
4425629,0.6,0,15,3.2,4,3.8,1.5,0.6,20.9
4393701,9.4,17,7.4,2.6,7.6,4,3,1.4,29.6
104023,5,66.2,10,2,20,23.2,6.25,6.2,28.5
2279387,22.2,52.8,43.8,10.6,28.2,27.4,15.25,9.2,95.1
4334792,0.2,0.8,0.2,0,0.6,0.4,0,0.2,0.3
353532,697.6,2111.2,1221.2,292.4,827.4,673.8,316,208.6,3251.3
4306200,0,0,0.2,0.4,0,0,0,6,344.7
1107335,0,0,0,0,0,0,0,0,0.1
360440,0,0,0,0,0,0,0,0,0
4334053,0,0,0,0,0,0,0,0,0
4341099,0.4,0,0,0,0,0,0,0,0
1141678,0,0,0,0,0,0,0,0,0
710275,0,0,0,0,0,0,0,0,0
110404,0,0,0,0.4,0,0,0.5,0,0
534204,0,0,0,0,0,0,0,0,0
352392,0,0,0,0,0,0,0,0,0
4477244,0,0,0,0,0,0,0,0,0
524618,0,0,0,0,0,5.4,0,1,0.2
171048,0,0,1.4,0,2.8,2.6,0,81.6,0
548754,0,0,0,0,1,0,4.25,0,0
223897,0,0,1.6,0.2,3.2,0.4,2,3.8,0.2
953084,4,0,0.2,0,0,0,0,0.2,0
1852120,634.4,0.2,1,0,0,0,0,0,0
741531,0,0.6,43.2,48.2,49,475.8,9,91,538.5
546390,0,0,0,0,0,0,0,0,0.5
511469,0,0,0,0,0,0,0.75,0,0
1125608,0,0,0,0.4,1,0.2,0.5,0.6,0.4
4401530,0,0,0,0,0,0,2.75,0,0.9
241289,0.6,144.2,0,0,0.4,0,2,0,7.4
714231,0,0,0,0.6,0,0,0,7.8,0.1
1584967,0,0,0,2.4,5.2,0,11,134,0.6
569066,0,0,0,0,0,0,0,0,15.3
688934,3,2.2,2.6,5.6,11.2,4.6,4.75,4,0.6
513808,2164.4,3188.2,68.4,117.4,43,161.6,154,184,2241.1
557138,0.2,0,0,3,0,0.2,0,0.4,2
206565,0.4,2,0.4,0.2,0.2,0,0,0,0
4422388,0.6,0.4,0,0,0.8,0,0,0,0
4451011,9.2,3.8,6.8,1.2,5.8,0,2.5,1.2,7.5
138914,0,0,0,0,0,0,0,0,0
1109251,3672.8,74.8,116.6,28.8,118.4,6.8,9.75,26,2
751973,16,1.4,5,1,3.6,0,0.25,1,0
1566691,10,17.8,23,6.2,30.6,2,0,5.6,0
2534141,9,10.4,17.4,6.8,29.2,1,0,4.2,0
961783,741.4,1086.8,1741.2,460.6,1796.6,86.6,19.75,347.2,13.4
138840,4.2,0,0,20.2,0.6,0,0,0.4,1
646549,110.8,114.6,330.6,34.4,68.2,11.6,1.5,23.6,2.7
4349788,7.2,0,0,0,0.2,0,247.25,10.2,0.1
130002,25,3,0.2,0,0,0,1,3.6,0
589597,622.8,198.6,1.8,0,0,0,1.75,475.6,3.6
410048,0,0,0,0,0,0,0,0,0
141365,6.6,1.4,2.4,2,4.2,1,0,0,0
614182,1.4,0,0.8,2,1.4,0.2,0,0,0.5
2534143,312,1.4,1.8,1857,140,240.2,375,1054.2,2153.6
4370747,0.2,0,0,0,0,0,12,0,0
821562,1.6,1.4,0,0,0,0,0.25,0.6,2.5
342096,0,0,2.6,0.4,0.2,0,0,0,0
516292,1.6,1.6,4.2,1,2.4,0,0,0.8,0
817734,0.6,0,0,0,0,0.4,0,0,0.5
333782,400,151.6,453.4,1054.6,5.2,160.8,350.25,7.6,1284.6
541223,5.2,0,0,34.8,1.2,2,0.75,5.8,23.9
780555,28.4,10.6,34.4,99,0.4,19.4,42.25,5.2,109.9
448893,2,0,0,0,0,0,2.5,1,0.1
834280,0,0,0,0,0,0,0,0,0
1142199,0,0,0,0,0,0,0,0,0
536008,0,25,0,46.8,23.6,3.6,14.5,3.6,28.8
4319686,0,0,0,0.4,0.2,0,0,0,0.2
3330580,0,146.2,0.8,461.4,159.6,40.2,224,55,208.6
316000,0,0,0,0.2,0.2,0.2,0.25,0,0.1
544847,1.8,5.2,183.6,217.6,2.8,0.4,13,37.6,42.1
391286,23.4,0,0.2,1.2,0,0,0,0.4,0
1139932,0,0.4,3.8,9,0,0,0.25,2.6,1.9
4483911,0,0,0,0,0,0,0,0,0.1
252345,0,0,0.4,0,0,0.2,4.5,0,0
4008562,0,1.8,0.2,1,26,0.4,1.75,10.2,3.5
750541,0,0.6,1,0,1.2,1.6,0,1,1.1
1052930,0,0,0,0,0,0.8,4,0,0
541979,0,0,0,0,0,0,18,0,0
4316354,0,0,0,0,0,0,0,0,2.1
542155,0,0,0,0,0,0,0,0,4
338140,5.8,758.4,1236,1649.8,661.2,470.6,1694,70.4,44.5
2317377,0,0.2,0.6,3.2,1.6,1,2.75,0,0
142419,16.8,64.4,38.2,4,15,0.6,3.25,0.4,0
276867,385.2,165.2,1100.6,411,197.6,54.8,41.75,17.8,35.9
533787,1,0,0,0.2,0,0.2,0.5,0,0.2
108909,0.4,0.6,0.4,1.6,0,0,0,0,0
813216,1.8,0,1.8,0,0.4,0,0,0.2,0.1
541859,4378.2,489,4284,1169.6,414.4,820,32.75,150,1437.2
553648,268.6,94.2,303.4,177.2,74.6,81.2,9.5,13.6,79.3
4382017,1.4,0,2.4,0.4,0,0,0,0.2,0.5
279948,117.4,11,129.6,31.6,13.8,30.4,1.5,8.6,39.1
4386920,5.8,0,5.8,1.2,0.6,1.8,0,0,6.1
4435982,11.8,5,23.8,9.6,5,3,0.25,7.2,1.1
4399692,0,0,0,0,0,0,0,0,0
315994,0,0,0,0,0,0,0,0,4.5
147181,0,0,0,0,0.6,4,0.25,0,0
8028,0,0,0,4,0.8,1.2,1.5,0,0
22253,0,0,0,0,0,0,0,0,4.2
4344815,0,0,0,0,0,0,0,0,13.5
332557,0,3.8,6.6,7.2,5.6,2.6,7,0.8,3.6
350105,7.4,5.4,12.4,2.6,0.4,2,0,0,3.5
4386593,0,0,0,2.4,0,0,0,1.4,41.3
591223,0,0,0.6,0,2,15.6,1.5,6.6,0.8
4452146,0,0,0.4,6,1.4,17,5.5,6.4,5.8
818777,0,1,0.8,0.4,0.8,0,0.75,0.8,2.6
4451482,0,16,21.2,44.2,48.2,75.8,33.75,128,38.1
744835,0,0,0,0.2,0,0,0,0.4,0.1
137609,0,22.4,16.8,5.8,16.4,9.4,2.75,2,2.7
4380971,0,0.2,0,0,2.8,0.4,0,0,0.6
4337815,0,0.2,1,0,2,0.8,0,0,0
106334,0,63.2,59.8,18.8,88.6,35,7.75,10.4,10.8
540856,0,0,0,0,0,0,0,0,0
103132,0,0.6,2.8,0.2,1,0.6,0.5,0.6,0.5
741139,1.2,28.6,43.8,57.6,26.4,114.2,151.25,132,10.4
590450,0,0,0,0.6,3.4,0.6,1.5,0,7.4
545324,0,0,3.6,0,2.4,1,0,0,4.1
4298398,0,0.2,7.4,3.6,17,7.6,37.5,3.6,26.6
1136403,0,0.4,2.8,2.4,9.8,2.4,19.75,3,14.1
328917,0,0,0,0,0,0,0,0,0
859868,0,0,0,0.2,0,0,0.25,2.4,2.6
593138,0,4.2,3.2,13.6,4,20,16.5,13,2
563768,0,0,0,0,0.2,0,2.75,0,0
104893,0,0,0,0,2,0,1.75,0,0
543895,0,0,0,0,0,0,0,0.2,0
151868,0,0,0,0,1.6,0.2,0.75,7.8,0.3
934094,0,0,0,0,0,0,0,0,0.5
2207032,0,0,0,0,0,0,0,0,0
834677,0,0,0,0,0,0,0,0,0
640055,0,0,0,0,0,0,0,0,0
211795,0,0,2.4,0,0,0.2,0,0.2,0
115012,0,4.4,5.4,73,223,76.2,30.25,25,1.6
1089636,0,43.2,139.8,246.2,164.8,144,66,138.2,25.4
564026,0,118.4,50.6,139.4,279.2,147.4,70.5,92,28.2
4390330,0,73.6,44.2,94.2,123,77,49,35.4,7.3
716984,0,3.4,0.4,5.6,8.8,17.8,1.75,6,1
629486,0,0,0,3,3,6.4,2.75,0.4,0.1
718320,0,0,0,14.2,0,16.8,0.75,5.2,1
515774,0,0,0,0,0.6,3.2,4.25,1,0
308136,0,0,10.4,6.2,13.2,5,0,0,0.2
552035,0,0,0,1.4,3.4,5,5.5,6.8,0
826749,0,0.6,0,34.6,2,16.4,2.75,7,0.2
254488,0,0,0,0.2,0,0.8,0,2,0
4467447,0,0,0,0,0,0,15,0,0
4433823,0.4,0,0,0,0,0,0,0,0
1135084,0,0,0,0,0,0,0,6,0
4390319,0,0,0,15.6,0,0,42,20.2,0
606755,0,0,0,0,0,0,0,0,0
227654,0,0,0,0,0,0,0,0,0
110974,0,0,9.8,0,2,1.6,1.5,4.6,1.8
752012,0,195.6,195.6,318.2,413.6,330.2,447,278.8,9.6
1772340,0,0,0,0,0,0,0,0,0
4440944,0,0.4,0,1.8,2.4,39.8,38.5,1,0.2
1639372,0,0,0,0.8,0,0,0,11,1.6
1126475,0,0,0,0,0,0,0,0,4
2368719,0,11.6,0,0,0.2,87,15.75,0,0
828941,0,0,0,0.4,19.6,129.6,14.75,49.8,0
4341023,0,0,0,4.4,0,0,0,0,0
932153,0.6,0.6,0.2,1.2,0.8,0.6,1,1.6,1.6
561099,0,0,0,16,0,0,0,0,0
227112,0,0,0,14,0,0,0,0,0
896098,0,0,0,0.4,0,0,0,0,16
919627,0,0,0,0,0,0,0,0,0.1
101031,0,0.6,9.4,0,0.8,0,1.75,0.8,0
1139946,0.6,0.2,5.6,102.6,48,47.4,35,33,0.1
429841,0,0,2.4,0.4,18.4,1.6,1.75,0,0
3427116,285.8,0,0,0,0,0,0,0,0
151117,3.2,0,0,0.4,0,0,0,0,0.9
4438548,4.2,0,0,0,0,0,0,0,0
99774,13.4,0,0,1.6,0.2,0,0,0,0.7
626519,24.4,0,0,0,0,0,0,0,0
99956,0,0,0,0,0,0,0,0,0
1122504,0,0,0,0,0,0,0,0,0
921687,0,0,0,0,0,0,0,0,0
3642506,0,0.2,1.6,2.6,12,0,0.75,21,0.1
736520,0,23.6,7.8,13,273.8,1,3.75,565,9.3
771274,0,0,0,0,0,0,0,0,0
536765,0,0,0,0,0.2,0,0,0,15.5
854930,0,0,15,47.2,94.4,40.4,503.75,684.8,224.3
27005,0,0,0,0,0,0.2,0,0,1.6
4377486,0,0,0,0,0,0,0,0,1
4043609,0,27.4,2.4,0.6,5,387.4,425,76.8,0
570086,0,0,0,0,0,0,0,0,0
2255,0,0,0,0,0,0,0,0,0
3995174,0,0,0,0,0,0,2.5,1.8,0.9
1087471,0,0,0,0,0,0,0,0,0
1006382,0,0,0,0,0,0,0,0,0
4477202,0,1,0,13.4,3,5.8,0,0,59.9
4342317,0,0,0,0,0,0,0,0,0.3
1086554,0,0,0,0,0,1.2,1.5,0,0.3
4377483,0,0,0,0,0,0,0,0.2,0
706656,0,0,0,0,0,21.8,0.75,0,0.6
134018,0,0,0,0,0,0,0.25,0,0
356639,0,0,0,0,0,0,0,0,0
944401,0,0,0,0,0,0,0,0,0.1
826144,6.6,0,4.4,0.6,4.8,0.4,0.25,8.4,0.3
1102477,0,0,0,0,0,0,0,0,9.7
1038865,0,0,0,0,0,0,0,0,0
1109260,0,0,0,0,0,0,0,0,0.8
4391549,8.6,0,0,0,0.4,0,0.25,13.6,283.8
575305,0.2,0,0,0,0,0,0,0.2,6
4320526,0,0,0,0,0,0,0,0.2,14.7
128353,0,0.8,1,0,1.2,0,0.5,2.2,0.3
982540,0,0,0,0,0.4,0,0,0,8.7
567236,0,0,0,0,0,0,0,0.2,2.9
221402,0,0,0,0,0.4,0,0,0,0.1
810109,0,0,0,0.2,0.8,1.2,0.25,0.4,0.1
371510,0,0,0,0,0,0,0,0,0.3
1088120,0,4.2,5.8,63,9,16,3.5,12.4,32.5
348099,0,0,0,0,0,0,0,0,0
4042106,0,22.6,114.8,742.4,310.4,454.4,542.5,123.6,4
44075,0,0,0.8,0.4,1,0.2,0.5,0.6,0.2
757229,0,0,3,9,3.4,12.6,6.75,1.2,0.1
221497,0,5.2,2.4,0.6,6.8,0.6,2.5,1.6,3.6
718367,0,0,7,0,1.4,0.8,0,0.6,0
635391,0,0,4.4,0.8,5.6,0,2.75,14.4,0.6
4405161,0,1,4.2,3.4,2.2,4.8,2,4.2,5.1
3587343,0,0,0,0,0.2,0,1,0,0.1
4337676,0,0,0,0,0,0,0,0,0
348866,0,0,0,0,0,0,0,0,0
4351051,0,0,0,0,0,0,0,0,0
1146530,0,0,0,0,0,0,0,0,0
99322,0,15.2,101.4,163.6,75.2,217.8,84.75,123.8,3.2
370124,0,1.8,6.6,1.6,15.2,0.2,4.5,17.6,3.4
3521180,2.6,56.2,291.4,87.8,561.2,10.6,146,938.4,101.5
1010163,0,0,0,0,0,0,0,0,0
513757,6.6,2.8,3.4,3.2,0.6,0.2,0,2.6,0.2
284420,0,9,39,16.8,29.4,491.2,51,167.2,20.5
564487,0,1212.2,7.4,92.4,319.4,98.2,70,11.2,65.4
212159,0,15,7.4,9,17.2,2.4,4.75,25.2,11
1078582,0.8,57.2,39.6,36.4,0,13.4,0.75,11.4,37
1126297,17,183.8,275.2,5.6,6.8,130.2,12.5,43,35.1
878765,0,0,4.4,0.6,2,21,13.75,10.2,1.5
1110000,0,0,0,0,0,0,0,0,8.5
3833747,0,0,0.4,0,0,0,0,0.2,1.6
518524,0,0,0.6,0,0,0.4,0.25,3.4,1.1
1053703,0,5.4,8.4,3.2,2.6,6.2,3,16.8,9.8
562141,0.2,8.8,12,3.2,8.8,11.2,2.5,24.2,11.6
976441,0.4,1.4,2.2,0.4,3.4,6.8,1.25,7.8,0.6
4354703,432.8,1033.4,933.4,1197.2,1693.6,2072,1104.5,4584.2,2464.4
107529,287.6,1.8,12.2,8.6,31.4,1.2,11,59,17.7
70559,0,0,0.8,0,0,3,0,0.4,0.3
4339351,37.2,4.4,153,482.8,812.6,456.6,2171.5,1151.2,64.9
4339772,0,18.2,384.6,74.8,412.2,974.6,269.5,151.4,3.6
2665096,0,0,0,0,0,0.2,0,0.6,0.1
236952,0,0.2,0,0,0,0,0,0,0.9
317024,0,0,0.2,0,0.2,2.6,0,3,0
465948,0.4,0,0,0.6,1.4,0.6,0.5,3.2,5.8
161490,0,6.2,13.6,1.2,6.4,28.4,2.5,7.6,1.9
862357,7.2,12.4,49.8,41.6,227.8,483.8,809.5,935.4,11.1
4361153,0,0.4,0,0,0.6,0,0,0.2,1.5
4357677,0,0,0,0,0,0,0,0.6,63.9
4426972,0,0,0.4,0,0.4,0,0,1.8,1
851799,0,0,0,0,0,0,0,0,0
253429,4,18.6,4.4,82.6,12.4,1.2,0.5,37.6,84.2
106749,0,0,0,0,0,0,0,0,0
677049,0,0,1.6,0.2,0,0.6,0,0,0
2688907,0,2,5.4,0.2,0,0.8,0,0,0.2
573326,504.4,55,64.4,283,3.4,385.6,152.25,8.6,5
101293,0.6,0.6,1.6,0.2,0,0.6,0.25,0,0
4329518,0.2,297.2,701.6,23.4,22,23.8,1.5,2,13.7
510360,0,0.8,360.4,61.8,337.4,207.6,12.5,618,0.2
4455618,1.2,2.2,650,1.2,2,0,1.5,0.2,0
3778553,0,31.8,182.4,389.6,21,13,2.5,6.6,12
345793,0,0.2,0,2,0,0.2,0,0,0.1
1046254,0,0,0,0.2,0,0,0.5,1.2,1.2
915265,0,0,0,0,0,255,0,1.2,5.9
1018359,0,0.8,1.2,0.6,1.2,0.6,3.25,61.8,0.2
975335,0,2,2,0.2,1.8,13,7,8.6,3.2
4400735,0,0,0,0,0,0.8,0,0,0.9
545721,0,0,0,0,0.2,1.4,0.5,0,0
856135,0,0,0,0,0.2,0.8,0,0,0
951659,0.2,45.4,0,0.6,0.2,12,33.25,1.4,2.7
952171,0,0,0,0,0,0,1,0,0
2750874,1.2,44.4,24.4,14,57.2,50.8,2.25,38.2,11.4
81798,0,0,0,0,0,0,0,0,0.3
1048870,0,0,0,0,0,0,0,0,0
146138,0,0,0,0,0,0,0,0,0
4306989,0,0,0,0,0.4,0.4,2.5,1,1.4
984707,0,0,2.8,63.6,22.4,0,40,47.4,1.5
511866,0.2,0.2,1,15.6,107.2,107.6,935.25,107.8,15.9
4427678,0,0.2,0,0,0,7.8,0,4,0.9
4382605,0,0,0,0,0,0.4,0,3.2,0
325365,0,0,0,0,0,0,0,0,0.2
82403,0,0,0,0,0,3.4,0,0.2,0.4
772410,0,0,0,0,0,0,0,0.4,54.3
2792167,0,0,0,0,0,0,0,0,0
834363,0,0,0,0,0,0,0,0,0.7
4457836,0,0,0,0,0,0,0,0,32.3
853114,0,0,0,0,0,0,0,0,8.5
967097,0,0,0.8,0,3,0.4,0,0,1.5
4462567,0,0,0,0,0,0,0,0,0
1689895,15.4,0,0,0,0,0,0,0,0
1129515,0,0,0,36.6,0,0,0,0,0
594013,0,0,0,0,0,0,0,0,0
141868,0,0,0,0,0,0,0,0,0
1124030,0,0,0,0,0,0,0,0,2.8
4296430,0,0,0,0,0,0.4,0,0.6,1.5
1064410,0,0,0,0,0,0.4,0,0,0.1
1637549,0,0,0,0,0.2,0,0,0,2.6
2578886,0,0,0,0,0,0.2,0.25,0,0
4187388,0,0,0,0,0,18.2,2.25,0.4,0
445860,0,0,0,0.2,0,1.8,0.25,1,0.1
789394,0,0,0,0,0,0,0,0,2.6
736771,0,0,0,7.8,0.6,0,0,48.4,9.3
693348,0,0,0,0,0,0.6,1.25,0,30.6
1069370,0,0,0,0,0,0,0,0,0.5
892993,0,0,0,0,0,75.8,0,0,0
1077505,0,0,0,0,0,0,0,0,0
1857060,0,0,0,0,0,0,0,0,0
852162,0,0,0,0,0,0,0,0,0
866836,0,0,0,0,0,3,4.25,0,0
957330,0,0,0,0,0,0,0,0,0
211578,0,0,0,0,0,0,0,0,1.9
612951,0,0,0,0,0,0,0,0,0
3270462,0,0,0,0,0,0,0,0,0
57713,0,0,0,0,0,1.4,0,0,22.2
440096,0,0,0,0,0,0,0,0,1
4371107,0,0,0,0,0,0,0,0.2,0
778762,0,0,0,0,0.2,0.6,1,2.2,0
211507,0,0,0,0,0.2,0,0,0,0.1
945321,0,0,0,0,0.4,3.4,6,0.2,0
247758,0,0,0,0,0,0,0,0,0
12798,0,0,0,0.4,0,1,0,0.8,0
4468125,0,0.8,373.4,55.2,43.8,47.2,31.25,22,49.6
875451,0,0.8,10,1.6,4.2,1,1.25,1.2,1.4
543675,0,0,2.8,20.2,18.8,12.8,11.25,0.2,4.3
13047,0,0,0,0,0.4,1.4,0.25,1.2,0.3
4459446,0,0,0,0,0,0,0,0,3.8
815498,0,0,0,0,0.4,0,0,0,0
552685,0,0,0,0,0,0.2,0.5,0.2,1.4
11431,0,0,0,0,0,0,0,0,0
4442910,0,0,0,0,0,0,0,1.6,0
4416592,0,0,0,0,0,0,0,0,0
4339720,0,0,1,2.6,4,1.6,1.5,11.6,0
739867,0,0.2,6.2,2.2,6.6,6.4,1.75,2.6,0.1
12221,0,0,0,0,0.2,0,0,1.2,0.2
1144585,0,0.6,2,0.4,5.6,3.4,3.25,4,0.7
635096,0,0.2,1.2,0.4,2,0.4,0.5,0.2,0.3
935688,0,0,0,0,46.2,7.4,7.75,95.2,16.9
170834,0,0,0,0,1.6,0,0,1.2,0.6
4454153,0,0,0,0,0.2,0,0,1,0.2
177797,0,0,0,0,0.8,0,0,1,0.1
4468850,0,0,0,0,2.6,0,1.5,2.2,0
878161,0,0,0,0,0.2,0,0,0,0
250794,0,0,0,0,0,0,0,0,0
578358,0,0,0,0,0,6,0,0,0
128551,0,0,0,0,0,0,0,0,0
4001495,1.6,0,0,0,0,0,0,0,0
4420570,0,0,0,2.6,0.4,0,0,1.2,0.1
811424,0,0,0,0,0,0,0,0,1.9
100737,0,0,0,0,0,0,0,0,0
697714,0,0,0,0,0,0,0,0,0
350772,0,0,0,0,0,0,0,0,0
813557,0,0,0,0,0,0,0,0,0.2
231447,0,0,0,0,0,0,0,0,0.7
142233,0,0,0,0,0,0,0,0,0
142010,0,0,0,0,0,0,1.5,1.2,9
4379512,0,0,0,0,0,0,0,0,0.9
715800,0,0,0,0,0,0,0,0,0
4348899,0,0,0,0,0,0,0,0,0
1119609,0,0,0,0,0,0.2,0.25,0.4,0
516569,0,0,0,0.2,0.2,20,4.25,3.2,9.4
869850,0,0,0,0.2,0,2,0,0.6,0
634209,0,0,0.2,4.2,0,4.8,1.25,0,0.2
4434837,0,1.2,2.2,0,0,0,0,0.4,0.4
142471,0,3,0,0,0,2.6,0.25,0.2,0
590295,0,0,0,0,0.6,3.4,5,3.8,0
910426,0,0,0,0,3.6,32,10.75,3.6,0.2
578443,0,0,0,0,0,0,0,0,3.2
4307148,0,0,0,0,0,0,0,0,3.3
529067,0,0,0,0,0,0,0,0.2,2.7
736678,0,0,0,0,0,0,0,0,0.4
978208,0,0,0,0,0,0,0,0,1
2863,0,0,0,0,0,0,0,0,0
242145,0,0,0,0,0,0,0,0,0.1
1681404,0,0,0,0,0,0,0,0,0
1088815,0,0,0,0,0,0,0,0,0
151126,0,0,0,0,0,0,0,0.4,80.4
4413729,0,0,0,0,0.2,0,0,0.6,0
1068363,0,0,0,0,0,0,0,0,0
837640,0,0,0,0,0,0,0,0,0.1
239441,0,0,0,0,0,0,0,0,0
4481957,0,0,0,5.6,1.8,0.8,1.5,0,0.2
88221,0,0,0,0,0.2,0,0,0,0
34044,0,0,0,0,0,0,0,0,0
1001564,40,48.2,54,1,3,0.4,0,0.2,8.1
701151,0,0,0,0.4,0,0,1.75,0.2,0
355695,0,0,0,0,0,0,0,0,0
277071,0,0,0,0,0,0,0,0,0
580342,0,0,0,0,0,0,0,0,0
1129461,1.8,0,0,0,0.8,0.2,0,0,0
588755,0.2,0,0,3.8,0.2,0.6,0,0.6,0
4316928,0,0,0.8,0,0,0,7.75,0,0
331738,0,0,0,0,1.2,0,2.25,0,0
533589,0,0,0.6,4.2,0,0.2,0.75,0.6,0
720949,0,0,0,0,0,0,0,0,0
921110,0,0,0,0,0,0,0,0,0
737329,0,0.4,0,1,0,6.8,0,0,0
294254,0,0.4,1.2,0,0.4,0,0.25,0,0
317522,1,7.8,27.6,5.2,58.4,5,16.5,7,0
1100972,0,0,3,0.6,4.2,0.4,0.75,0.2,0
4468805,0,0,0,0.4,2,0,0.5,0.2,0
555860,0,163.6,78.8,6.6,112.2,26.2,29.25,10.4,7.7
586356,0,0,0,8.8,0,4.4,1.75,4.8,0.2
2052853,0,0,0,0,0,0,0,0,0
52379,0,19.4,8.4,0.8,14.8,2.2,1.75,0.8,0.3
4307974,0,0,0,1.2,2,0,0,0,0
1112364,0,0.4,0,14.6,38.8,2.2,0,0.8,0
4361407,0,0.2,0,8.6,6.6,11.6,4.5,2.6,2.1
340874,0,0,0,0,0,0,0,0,0
1883596,0,0,0,0,0,0,0,0,0
170020,0.2,67.2,131,85,98.2,72,55.75,69.2,50.3
13850,0,0,0,0,0,0,0,0,0
1015470,0,0,0,0,0,0,0,0,0
546268,0,0,0,0,0,0,0,0,0.8
4325377,0,0,0.4,0,0,0,0,0,1.5
514095,0.8,211.6,116.2,44.2,262.6,82.8,202,49.8,245.1
172753,0.4,10.4,45.8,7.2,24.4,14,16,6.4,90.2
1100798,0,0,0,0,0,0,0,0,30.3
734956,0,0,0,0,0,0,0,0,0.3
4318694,0,0.6,16.8,3,0.8,3.4,4.75,0.4,54.2
4439510,0,0.2,0.6,0,2.4,0.4,0.25,0,1.5
564961,12.2,64.6,69.4,35.4,159.2,34.2,79.25,15.8,16.4
98542,0,0,0,0,0,0,0,0,0
344422,0,0,0,0,0,0.8,0,0,0
520231,0,0,0,0,0,0,0,0,0
707653,0,0,0,0,0,0,0,0,0
585881,0,4.6,11.4,29.6,33.2,29.2,24.75,32.4,15.1
143746,0,0,0,0,0,0,0,0,1.7
148878,0,0,0,0,0,0,0,0,5.9
570344,0,0,0,0,0,0,0,0,0
322226,0,0,0,0,0,0,0,0,0.1
1108989,0,0,0,0,0,4.2,0.25,1.4,0
970359,0,0,0,13.8,0.4,168.6,5,63,2.2
212223,0,0,0,0,0,0,2.75,9.8,6.7
2679706,0,0,0,0,0,0.4,0,0.4,0.7
4417475,0,0,0.4,0,4,5,1.25,7,2.6
209577,0,0,0,0,0,0,0,0,1.4
257891,0,0,0,0,0.8,1.4,0,0.4,1.6
417101,0,0,0,0,2.8,0.2,0.75,11.8,16.5
555926,0,0,0,0,0,0,0,0,0
2720386,0,0,0,0,0,0,0,0,0.3
249034,0,0,0.8,0,0,0,4.5,0,2.5
3928395,0,0,0.6,0,1.6,1.8,0,0,0.2
548468,0.8,0.6,31,37.6,6.6,1577,27.75,45.2,0.4
4393056,0,0.6,10.8,0.2,379.8,37.8,605,561,0.2
1058844,0,0,0,0.2,6.4,0.6,10,12.2,0
4397998,0,0,2.8,0,0,1.2,5,0.4,0.5
346056,0,0,0,0,1,4.4,0.75,5.4,0.2
509021,0,0,0.6,0,0,0.2,1.5,0.4,0.1
494339,0,0.2,6.2,0.4,1.4,22.2,9.5,4.8,8.2
331282,0,0,19.6,1,4.2,3,1.75,9.6,0.5
4297698,0,1.4,0.2,0.4,7,8.8,7.75,18,0.1
586505,0,41,5.2,11.2,232,340.4,130.25,536.2,17.3
607212,0,0.6,0,0,2.6,2.8,2.25,5.2,0.5
822489,0,0,0,0,0,0,0,0.4,0.3
568130,310,141.6,27.6,3,3.4,0.6,5.5,1,0.4
543890,4.6,6.4,0.2,0.4,0.8,0,0,0,0
348478,0.2,4.8,0,0,0,0,0,0,0
17329,0,0,0,0.2,0,2.6,0.5,4,2.8
326054,0,0,0,0,0,0,0,0,0.8
334409,0,0,0,0,0,0.4,0,0.4,0.2
102915,0,1.6,0,0.2,0,0.4,0,0.6,29.4
580992,0,0,0,0,0.2,0.6,0,1.4,0
222699,0,0.8,0.2,0,0,0,0,0,0.5
354042,0,0,0,0,0,0,0,0.2,0
237613,0,0,0,0,8,243.2,98,111.6,0.1
1052559,0,0,0,0,0,0,0,0,0
133044,0,0,0,0,0,0.6,0,0,0.5
836331,0,0,0,0,0.8,2.2,0.5,21.2,1
696167,0,0,0,0,0,0,0,0,0.1
699257,0.4,0,0.2,0,0,1,0,0,0
3259009,0,0,0,0,0.2,0,0,0.4,0.2
754410,0,0,0,0,0,0,0,0.2,0
400524,0,0,0,0,0,1.4,0,0,0.1
4357324,0,0.6,8.8,0.4,3.4,18,38,42.2,24.5
589946,0,0,0,0,0,0.6,0,0,7.5
817507,0,0,0,2,0,0.2,0.25,36,0
4388385,0,0,0,1,0.4,0,0,0,0
563957,0,0,0,0,0.2,0,0.75,1,0
578761,0,0,0,0.2,1.4,0,2.75,1.2,0
843074,0,0,0,0.4,2.2,0.4,8,3.6,0
316649,0,0,0,0,0.2,0,1.75,0,0
1141071,0,0,0,0,0,0,0,0,0
407459,0,0,0,0,0.2,0.6,3.25,0.8,0
565413,0,0,0,0,0,0,0,0,0
154174,0.2,6,0.2,2.4,0,2,0,0.2,180.8
541299,0,0,3.4,0.2,2.8,5,27.75,10.8,0.5
4328978,0,0.8,0,5.8,0,0.8,3.25,6.4,0.9
1049750,0,0,0,0,0,0,0,0,1
4339358,0,0,0,0,0,0,0,0,0
227434,0,0,0,0,0,0.4,0,0.4,1
4373482,0,0.2,0.2,0.4,2.4,4.8,0,2.4,0.4
288283,0,0,3.4,4,31.2,9.2,5.25,9,1.7
998905,1.6,0,0,3,0.2,6,0,0.2,0.3
4304512,0,0,0,0,0,0,0,0,0
350938,0,0,0,0,0,0.2,0.75,0,0
346085,0,0,0,0,0,0,0,0,0
349041,0,0,0,0,1.4,0,4.75,2,0.1
323791,0,93.6,64,4.2,2,0,0,2.4,0.9
4424907,0,0,0,0,2.4,0,0,0.4,0
521073,838.2,912,110.4,42.4,51.6,13,138.75,70.4,29.1
574749,6.4,54.2,1.2,0.2,0,2.4,0,0.2,0.2
963779,0,0.8,0,0.2,0,0,0,0,0
351849,0,0.2,0,1.2,0.2,0.8,1.5,4.6,0.1
165611,0,0.4,1.4,3,2.2,1.2,1,2.4,0
4760,0,0,0,0.2,0,0,0.5,0.8,0.6
212879,0,0,0,0,0.2,0.6,0,1.6,0.1
643544,0,0,1.6,3,14.2,5,8,10.2,2.5
537664,0,0,2.4,0.8,3.2,0.6,0.5,1.4,2.5
544561,0,0,0,0,0,0,0,0,1.6
577123,0,0,0,0,0,0,0,0,2.5
4304056,0,0.6,0.4,0,0.2,0,0,0,0
5364,75.8,52.2,12.6,0.4,8.6,1.4,0.25,1.6,0.6
103410,6.4,0.4,1.2,4,2,0,0,0.6,0.4
336364,1.4,5.4,13.8,5.6,3.6,3,1.75,12.6,0.5
225279,0,0.2,0.4,1.2,0,0,0,0,0.2
750263,0,0,0,0,0.4,1.2,2.5,1.2,7.7
63558,0,0,0,0,0,0,0,0,0
4472608,0,0,0,0,0,0,0,0,0
62406,0,0,54.6,237.4,190.2,377.8,283.5,533.8,19.9
523224,0,0,0,0,0,0,0,0,1.8
573135,0,0,0,0,24.8,7.6,2,7,2.9
338517,0,0,0,0,0.2,0.4,0,0.2,1.9
4377104,0,0,0.2,0,2,0,0.25,1,0.2
567840,0,0,0,8.4,1.2,31.6,4.5,8.4,15.8
709971,0,0,0,0,0,1.4,0,0.4,1.1
676066,0,0,2.2,0,3.4,2.6,0.25,1.2,0.5
560403,0,0.4,0.2,0,0,1.4,0.25,0.2,0
4419310,0,0,0,0,0,0,0,0,1.7
221589,0,0,7,0,1.8,2,1,0,0
511627,0,0,0,0,0,0,0,0,1.9
4366206,0,0,0,0,0,0,0,0,0.6
1146390,0,0,0,0,0,0.4,0,0,1.1
347428,0,0,0,0,0.8,0,0.5,0.4,1.5
182489,0,0,0,0,0,0,0,0,4.1
269781,0,0.8,4.2,4,4.2,11.2,5,3.8,0.6
551756,0,0,0,0,0,0,0,0,1.1
527906,0.2,1.8,20.4,0.8,23,30.2,21.75,68,4.1
218772,0,0,0,0,0,0,0,0,0
208637,0,0,0,0,0,0,0,0,1.2
345333,0,0,0,0,0,0,0,0,0
934326,0,0,4.2,0.8,0.2,1.6,0,0.2,28.1
577289,0,0,0,0,0,0,0,0,0
323954,0,0,0,0,0,0,0,0.6,0.2
4368451,0,0,0,0,0,0,0,0,0
545515,0,0,0,0,0,0.2,0,0.6,0.3
552671,0,0.4,0.2,0.2,0.4,1.2,3.5,10.2,1.3
586388,0,0.2,0,0.2,0.2,0,0.5,2,12.8
632387,0,0.6,0.2,0.2,1.2,0.6,4.75,3.6,0.3
278399,0,1.2,1.4,0.6,0.8,4.2,3.25,3.6,0
549666,0,0,0,0,0,0,0,0,0
321409,0,0,0,0,6.4,3.4,1.5,1.4,0
746799,0,3.2,15,0,61.4,17.2,60,7.4,2.1
4333746,0,0,0.2,0,0,0,0,0,1.8
278225,0,0,0.6,14.2,0,1,9.75,0.4,0.3
656520,0,0,0,0,0,0,0,0,0
683891,0,0,0.8,0,112.4,98,21.25,13.2,1.3
4364412,0,0,0,0,0,0,0,0,0.7
709657,0,0,0,0,0,0.2,0,0,2.2
937999,0,0,0,0,0,0,0,0,0.2
574416,0,0,0,0,0,0,0,0,0
254401,0,0,0,0,0,0,0,0,0.2
407742,0,0,0,0,0,0,0,0,0.9
1076759,0,0,0,0.8,0.6,0,1.5,0.4,1.3
144291,0,0,0,0,15.6,27.6,0.5,5.6,0
309755,0,0,0,0,0,0,0,0,2.8
4366200,0,0,0,0,0,0,0,0,0
682355,0,0,0,0,0,0,0,0,4.1
4305126,0,60,0,0,2.2,0,1,20,11.8
553501,0,0,0,0,0,0,0,0,1.9
912160,0,0,0,7,0,0,0,0,1.6
1897510,0,0,0,0,0,0,0,0,0
1124975,0,0,0,0,0,0,0,0,0.4
1131545,0,0,0,0,0.4,0,0,0.4,1.2
824783,0,0,0,0,0,0,0,0.8,0.4
660746,0,0,0,9,2.8,4.8,0,0.2,0
226704,0,0,0,0,0,0,0,0,0
4472969,0,0,0,0,0,0,0,0,0.4
1008207,0,0,0,0,0,0,0,0,0.4
856536,0,0,0,0,0,0,2,0,0.1
565604,0,0,0,0,0,0,0.25,0,0.4
4434039,0,0,0,0,0,0,0,0,0
4480240,0,0,0,0.6,7.6,75.8,13,15.4,77.9
509881,0,0,0,0,0,0,0,0,1.6
333731,0,0,0,0,0,0,0,0,0.2
1503863,0,0,0,0,0,0,0.5,0,0
4458848,0,0,0,0,0,0,0,0,10.1
278075,0,0,1.4,0.2,8.2,12.4,2.75,0,25.9
240501,0,0,0,0,0,0,0,0.2,0
249211,0,0,0,0,0.2,7.6,0.25,4.2,0.9
4302532,0,0,0,0,51.2,0,0,3.2,0
1134737,0,0,0,0,0.4,2.8,1,0.6,0.7
1111283,0,0,0,0,0,0,0,0,9.7
541340,0,0,0,0,0,0,0,0,5.5
159038,0,1,0,0,7,11.6,20.5,2,0.2
185100,0,0,0,0,0,0,0,0,0
821602,4.2,0,0,0,0.2,0,0,0.4,0.1
388951,0,27.2,11.4,1,23.4,0.2,30.5,2.8,0.1
155859,0,0,0,0,1.2,0,0,0,0
172202,0,0.2,0,0,0,0,0,0,0
4449458,0.2,523.8,155,23.2,320,3.8,583.75,49.2,0.1
4450795,0,0.6,0,0,0.6,0,1,0,0
515265,0,2.4,0.2,0.4,2.2,0,1.5,0.4,0
4422794,0,0,0,15.8,0,0,0,0,0
4482374,0,0.4,0,0,0,0,0.75,0,0
339132,0,0,0.2,0.6,2.4,0.4,0,2,0.1
759061,4.8,94.6,152,238,564.8,540.8,66,599.2,4.2
274365,0.2,0.4,0.4,0.2,1.2,1,0,0.4,0
3944484,0.2,0.8,4.8,6,21.6,14.8,2.5,28.8,0.1
30929,0,0,4.4,30.4,7,3.2,1.75,0,6
513078,2205.2,1185.8,785.6,2936.4,1994.2,1389.8,2438.75,175,164.8
542725,0,0,1,12.6,0,0,1.25,0,0.3
213522,4,3.6,1.2,7.8,7.4,5.2,4,0.6,0
4456892,1,2.2,0.8,0.8,2.6,1.8,3.25,0.2,0.1
4360511,45.4,30.6,22.6,74.2,63.6,31,123.75,8,6.5
4331183,2.4,2,0.4,5.2,4.2,3.6,3.75,0.2,0.2
569459,0.4,0.2,0.2,0.2,0,0,0,0,0